item,itemLabel,position,positionLabel,start,end,cabinet,cabinetLabel,ordinal,replaces,replacesLabel,replacedBy,replacedByLabel,nature,natureLabel,source,sourceName,statedName,psid
Q15652611,Q15652611,Q6866301,Minister of Railways,,,,,,,,,,,,,,,Q15652611-d154e96d-c4eb-4d76-bba6-ff3b98286c7f
Q278849,A. K. Antony,Q16878665,"Minister of Consumer Affairs, Food and Public Distribution",,,,,,,,,,,,,,,Q278849-E1785B39-8E7C-4E36-8235-334BCC3DFC65
Q278849,A. K. Antony,Q3533315,Minister of Defence of India,2006-10-26,2014-05-26,,,,Q57446,Pranab Mukherjee,,,,,,,,Q278849-E2611360-B54A-4BDD-B0CE-F2FEAC490CB3
Q196617,Abul Kalam Azad,Q4294642,Ministry of Education,1947-08-15,1958-02-02,,,,,,Q6323540,K. L. Shrimali,,,,,,Q196617-8E4EAF42-3141-4940-B204-8E3A10B4C1AA
Q4735334,Alphons Kannanthanam,Q6866398,Minister of Tourism,2017-09-03,2019-05-24,,,,,,,,,,,,,Q4735334-7d372963-43b8-b2c6-9221-ab96a37bc2c9
Q3347864,Ambika Soni,Q6866209,Minister of Information and Broadcasting,,,,,,,,,,,,,,,Q3347864-36722AD3-2581-47A5-9FCB-8391FAC57552
Q4746875,Amit Shah,Q108559581,Minister of Co-operation,2021-07-07,,,,,,,,,,,https://www.india.gov.in/my-government/whos-who/council-ministers,Shri Amit Shah,Minister of Cooperation,Q4746875-DDDD2B21-2A26-4EEB-B7DD-7A2E20D460D4
Q4746875,Amit Shah,Q3440901,Minister of Home Affairs,2019-05-30,,,,,Q3506475,Rajnath Singh,,,,,https://www.india.gov.in/my-government/whos-who/council-ministers,Shri Amit Shah,Minister of Home Affairs,Q4746875-381BB8D0-9382-43B3-ABFD-A3FC65044883
Q431601,Amrit Kaur,Q6866064,Minister of Communications and Information Technology,1951-08-02,1952-05-13,,,,Q7282619,Rafi Ahmed Kidwai,Q1471625,Jagjivan Ram,,,,,,Q431601-5ff9e576-449b-fa6d-f40a-485d7386c83c
Q431601,Amrit Kaur,Q17073489,Minister of Health and Family Welfare,1947-08-15,1957-04-16,,,,,,Q23060166,Dattatraya Parashuram Karmarkar,,,,,,Q431601-460a4c7f-46fd-3d89-c2e4-efeaadbb19eb
Q1428118,Anbumani Ramadoss,Q17073489,Minister of Health and Family Welfare,2004-05-22,2009-05-22,,,,,,,,,,,,,Q1428118-ed850a4f-43e2-ce9c-58cf-855aabf33cbb
Q4777895,Anurag Thakur,Q6866209,Minister of Information and Broadcasting,2021-07-07,,,,,Q7238178,Prakash Javadekar,,,,,https://www.india.gov.in/my-government/whos-who/council-ministers,Shri Anurag Singh Thakur,Minister of Information and Broadcasting,Q4777895-5A52B277-84D8-4BA8-A95F-E3ED8620729F
Q4777895,Anurag Thakur,Q6866423,Minister of Youth Affairs and Sports,2021-07-07,,,,,Q6415053,Kiren Rijiju,,,,,https://www.india.gov.in/my-government/whos-who/council-ministers,Shri Anurag Singh Thakur,Minister of Youth Affairs and Sports,Q4777895-66F13298-A524-49F7-9D82-7200F47349D1
Q3520052,Arjun Munda,Q6866408,Minister of Tribal Affairs,2019-05-30,,,,,Q6298726,Jual Oram,,,,,https://www.india.gov.in/my-government/whos-who/council-ministers,Shri Arjun Munda,Minister of Tribal Affairs,Q3520052-07B7B978-3259-49C2-9099-A9756B4B12E7
Q3309208,Arjun Singh,Q4294642,Ministry of Education,,,,,,,,,,,,,,,Q3309208-4909310B-EF04-4A3B-AA96-AFCD90E6C5B3
Q3629480,Arun Jaitley,Q3533315,Minister of Defence of India,2014-05-26,2014-11-09,,,,Q278849,A. K. Antony,Q1391309,Manohar Parrikar,,,,,,Q3629480-E37F180E-0D6A-4E6A-835A-0401D13F3168
Q3629480,Arun Jaitley,Q3533315,Minister of Defence of India,2017-03-13,2017-09-03,,,,Q1391309,Manohar Parrikar,Q7040049,Nirmala Sitharaman,,,,,,Q3629480-313c7e06-4150-5617-95ab-16f542c225fd
Q3629480,Arun Jaitley,Q1416501,Minister of Finance,2014-05-26,2019-05-30,,,,Q377358,P. Chidambaram,Q7040049,Nirmala Sitharaman,,,,,,Q3629480-26C84BCE-8D4E-4BDA-99F6-35BC363304CC
Q3629480,Arun Jaitley,Q18128071,Minister of Law and Justice of India,2003-07-29,2004-05-22,,,,,,,,,,,,,Q3629480-feeb6542-4b1a-a7e2-bdc3-1d3109c4b8c3
Q75184694,Ashwini Vaishnaw,Q108560859,Minister of Communications,2021-07-07,,,,,Q3630922,Ravi Shankar Prasad,,,,,https://www.india.gov.in/my-government/whos-who/council-ministers,Shri Ashwini Vaishnaw,Minister of Communications,Q75184694-B3D23659-F254-4CBF-A8D9-24978DC0ADFF
Q75184694,Ashwini Vaishnaw,Q108560857,Minister of Electronics and Information Technology,2021-07-07,,,,,Q3630922,Ravi Shankar Prasad,,,,,https://www.india.gov.in/my-government/whos-who/council-ministers,Shri Ashwini Vaishnaw,Minister of Electronics and Information Technology,Q75184694-76C6DE3C-7C51-412A-8E9A-638D96CBB4B1
Q75184694,Ashwini Vaishnaw,Q6866301,Minister of Railways,2021-07-07,,,,,Q7199798,Piyush Goyal,,,,,https://www.india.gov.in/my-government/whos-who/council-ministers,Shri Ashwini Vaishnaw,Minister of Railways,Q75184694-6C313367-CEDC-4B74-A69A-C5781167E878
Q233289,Atal Bihari Vajpayee,Q313465,Minister of External Affairs,1977-03-26,1979-07-28,,,,Q1764541,Yashwantrao Chavan,Q288528,Shyam Nandan Prasad Mishra,,,,,,Q233289-82058618-4CF0-4ADA-8CD2-31B6C5AB2CF9
Q233289,Atal Bihari Vajpayee,Q313465,Minister of External Affairs,1998-03-19,1998-12-05,,,,Q248484,I. K. Gujral,Q3518489,Jaswant Singh,,,,,,Q233289-34ca4d6a-48b0-7b47-cf56-faa4bbd5b79c
Q233289,Atal Bihari Vajpayee,Q192711,Prime minister of India,1996-05-16,1996-06-01,,,,Q275146,P. V. Narasimha Rao,Q377870,H. D. Deve Gowda,,,,,,Q233289-9ce14e52-44b2-f140-7e33-c4108e7e70e2
Q233289,Atal Bihari Vajpayee,Q192711,Prime minister of India,1998-03-19,2004-05-19,,,,Q248484,I. K. Gujral,Q41914,Manmohan Singh,,,,,,q233289-40FA3507-D20F-4520-BB74-865B9E4D0EE1
Q4850423,Baldev Singh,Q3533315,Minister of Defence of India,1947-08-15,1952-05-13,,,,,,,,,,,,,Q4850423-E2915A26-BFC0-4040-AAD7-77F254B66229
Q2604943,Bali Ram Bhagat,Q313465,Minister of External Affairs,1985-09-25,1986-05-12,,,,Q4593,Rajiv Gandhi,Q7117543,P. Shiv Shankar,,,,,,Q2604943-ab9aeba8-4f0f-ce75-8eb7-e7e3107c6645
Q3497331,Balram Jakhar,Q6866034,Minister of Agriculture,1991-06-21,1996-01-17,,,,Q1764533,Chaudhary Devi Lal,Q7645325,Suraj Bhan,,,,,,Q3497331-49149ae4-48e2-a913-caf4-e1036649c86d
Q3634914,Bansi Lal,Q3533315,Minister of Defence of India,1975-12-21,1977-03-24,,,,Q1149,Indira Gandhi,Q31380031,Q31380031,,,,,,Q3634914-13818faa-472a-d099-1686-266556b86862
Q3634914,Bansi Lal,Q6866301,Minister of Railways,1984-12-31,1986-06-04,,,,,,,,,,,,,Q3634914-fa8ffd52-414d-2dd7-f76b-970991f16437
Q231690,Bhimrao Ramji Ambedkar,Q18128071,Minister of Law and Justice of India,1947-08-15,1951-10-06,,,,,,,,,,,,,Q231690-13DE0153-A077-4C00-912F-4B13E04F6D1B
Q16208337,Bhupender Yadav,Q108559737,Minister of Environment and Forests,2021-07-07,,,,,Q7238178,Prakash Javadekar,,,,,https://www.india.gov.in/my-government/whos-who/council-ministers,Shri Bhupender Yadav,"Minister of Environment, Forest and Climate Change",Q16208337-8C4D84E7-29A2-46FB-B027-2ACB3C7BC736
Q16208337,Bhupender Yadav,Q6866235,Minister of Labour and Employment,2021-07-07,,,,,Q7420653,Santosh Gangwar,,,,,https://www.india.gov.in/my-government/whos-who/council-ministers,Shri Bhupender Yadav,Minister of Labour and Employment,Q16208337-678AF950-D5CC-4221-BBC3-83366DC693AB
Q12441676,Bindeshwari Dubey,Q18128071,Minister of Law and Justice of India,,,,,,,,,,,,,,,Q12441676-c210256a-0ce5-4ff1-86f6-bf10a3991ae7
Q5006743,C. P. Joshi,Q6866308,Minister of Road Transport and Highways,,,,,,,,,,,,,,,Q5006743-7be56b79-4260-e553-93fc-5d4f96817720
Q378404,C. Rajagopalachari,Q3440901,Minister of Home Affairs,1950-12-26,1951-10-25,,,,Q9455,Vallabhbhai Patel,Q6347919,Kailash Nath Katju,,,,,,Q378404-1626480D-8180-481B-A86E-AB4BA331FA7E
Q334279,Chandra Shekhar,Q313465,Minister of External Affairs,1991-02-20,1991-06-21,,,,Q7928167,Vidya Charan Shukla,Q6727271,Madhav Singh Solanki,,,,,,Q334279-40d47b34-40a8-a79f-3abc-3523b1f31ade
Q334279,Chandra Shekhar,Q192711,Prime minister of India,1990-11-10,1991-06-21,,,,Q315338,Vishwanath Pratap Singh,Q275146,P. V. Narasimha Rao,,,,,,Q334279-925a7521-4ad0-3954-edb1-535cf873e2e9
Q319824,Charan Singh,Q1708557,Deputy Prime Minister of India,1977-03-24,1979-07-28,,,3,Q218661,Morarji Desai,Q1764541,Yashwantrao Chavan,,,,,,Q319824-9328307D-B724-4381-8A21-6070785380A0
Q319824,Charan Singh,Q1416501,Minister of Finance,1979-01-24,1979-07-28,,,,Q5657287,Hirubhai M. Patel,Q5712859,Hemwati Nandan Bahuguna,,,,,,Q319824-55660052-5DCC-4CEA-B349-5252197DC448
Q319824,Charan Singh,Q3440901,Minister of Home Affairs,1977-03-24,1978-07-01,,,,Q3764086,Kasu Brahmananda Reddy,Q218661,Morarji Desai,,,,,,Q319824-86D18A1D-7BDE-4D40-8176-4E58B66DB3F9
Q319824,Charan Singh,Q192711,Prime minister of India,1979-07-28,1980-01-14,,,5,Q218661,Morarji Desai,Q1149,Indira Gandhi,,,,,,Q319824-28d0527e-4ff2-535e-7a38-6717d5e3aa52
Q1764533,Chaudhary Devi Lal,Q1708557,Deputy Prime Minister of India,1989-12-02,1991-06-21,,,,Q1764541,Yashwantrao Chavan,Q468324,Lal Krishna Advani,,,,,,Q1764533-c691b783-45f7-d8e1-cb2f-290e8545f80f
Q17479033,Chaudhary Nitiraj Singh,Q18128071,Minister of Law and Justice of India,,,,,,,,,,,,,,,Q17479033-ea3faa2a-1f26-4c44-851c-2ca091322d20
Q982295,Chidambaram Subramaniam,Q6866034,Minister of Agriculture,1964-06-09,1966-03-12,,,,Q1034290,Swaran Singh,Q1471625,Jagjivan Ram,,,,,,Q982295-F50C3705-A5A2-4DED-B224-F604ED33252A
Q982295,Chidambaram Subramaniam,Q3533315,Minister of Defence of India,1979-07-28,1980-01-14,,,,Q1471625,Jagjivan Ram,Q1149,Indira Gandhi,,,,,,Q982295-388e3e80-4103-5694-f1ba-afa57f9e6d76
Q982295,Chidambaram Subramaniam,Q1416501,Minister of Finance,1975-01-01,1977-01-01,,,,Q1764541,Yashwantrao Chavan,Q5657287,Hirubhai M. Patel,,,,,,Q982295-30F3F8B6-475E-4D81-AC01-19563B7A1431
Q23060166,Dattatraya Parashuram Karmarkar,Q17073489,Minister of Health and Family Welfare,1957-04-17,1962-04-09,,,2,Q431601,Amrit Kaur,Q4969032,Sushila Nayyar,,,,,,Q23060166-0200faf6-401e-b601-9878-3004b2475190
Q5269370,Dharmendra Pradhan,Q108560812,Minister of Education,2021-07-07,,,,,Q3522405,Ramesh Pokhriyal,,,,,https://www.india.gov.in/my-government/whos-who/council-ministers,Shri Dharmendra Pradhan,Minister of Education,Q5269370-60FE4BDD-48BA-44A3-AE4E-974DC0B9BD76
Q5269370,Dharmendra Pradhan,Q6866278,Minister of Petroleum and Natural Gas,2014-05-26,2021-07-06,,,,Q3519659,Veerappa Moily,Q5655835,Hardeep Singh Puri,,,,,,Q5269370-A27BD9C4-25C7-4CEF-8275-1EF87F7520D4
Q5269370,Dharmendra Pradhan,Q108560799,Minister of Skill Development and Entrepreneurship,2017-09-03,2019-05-30,,,,Q3634892,Rajiv Pratap Rudy,Q16902198,Mahendra Nath Pandey,,,,,,Q5269370-BEA68B0B-A082-45F0-838F-9C455C9A324A
Q5269370,Dharmendra Pradhan,Q108560799,Minister of Skill Development and Entrepreneurship,2021-07-07,,,,,Q16902198,Mahendra Nath Pandey,,,,,https://www.india.gov.in/my-government/whos-who/council-ministers,Shri Dharmendra Pradhan,Minister of Skill Development and Entrepreneurship,Q5269370-D3BD6620-4D14-4F70-896F-6CB05D383A19
Q5269370,Dharmendra Pradhan,Q6866391,Minister of Steel,2019-05-30,2021-07-07,,,,Q5065890,Ch. Birender Singh,Q18720206,RCP Singh,,,,,,Q5269370-B78CB390-9D73-4F80-9D44-CF049ADA135E
Q5278104,Dinesh Singh,Q313465,Minister of External Affairs,1969-02-14,1970-06-27,,,,Q1149,Indira Gandhi,Q1034290,Swaran Singh,,,,,,Q5278104-501ae43f-407a-df85-c0e4-bfdf350005cc
Q5278104,Dinesh Singh,Q313465,Minister of External Affairs,1993-01-18,1995-02-10,,,,Q275146,P. V. Narasimha Rao,Q57446,Pranab Mukherjee,,,,,,Q5278104-6b407bb7-4a56-8a60-4be0-ad054c0b5529
Q3525366,Dinesh Trivedi,Q6866301,Minister of Railways,2011-07-13,2012-03-18,,,,Q465041,Mamata Banerjee,Q3346285,Mukul Roy,,,,,,Q3525366-a1eab3c8-4c80-4324-29f9-c5749941bc01
Q3532853,G. K. Vasan,Q16875646,Minister of Shipping (India),2009-05-01,2014-05-01,,,,,,,,,,,,,Q3532853-2F2B7B53-0790-4E9F-B778-77C2F5F9B359
Q5512319,G. Kishan Reddy,Q108560844,Minister for Development of North Eastern Region,2021-07-07,,,,,Q6203277,Jitendra Singh,,,,,https://www.india.gov.in/my-government/whos-who/council-ministers,Shri G. Kishan Reddy,Minister of Development of North Eastern Region,Q5512319-7648DD8A-4F17-400B-A16E-209A81B8E65A
Q5512319,G. Kishan Reddy,Q108560839,Minister of Culture,2021-07-07,,,,,Q7237724,Prahlad Singh Patel,,,,,https://www.india.gov.in/my-government/whos-who/council-ministers,Shri G. Kishan Reddy,Minister of Culture,Q5512319-0F2F07AD-126E-419C-9199-13C533B6B926
Q5512319,G. Kishan Reddy,Q6866398,Minister of Tourism,2021-07-07,,,,,Q7237724,Prahlad Singh Patel,,,,,https://www.india.gov.in/my-government/whos-who/council-ministers,Shri G. Kishan Reddy,Minister of Tourism,Q5512319-9E4DF00C-F581-4801-A29E-F1614AA41E64
Q16914124,Gajendrasingh Shekhawat,Q108560946,Minister of Jal Shakti,2019-05-30,,,,,,,,,,,https://www.india.gov.in/my-government/whos-who/council-ministers,Shri Gajendra Singh Shekhawat,Minister of Jal Shakti,Q16914124-ED862544-D026-444C-8B3C-3AA78556959D
Q3056379,George Fernandes,Q3533315,Minister of Defence of India,1998-03-19,2001-03-16,,,,Q2736550,Mulayam Singh Yadav,Q3518489,Jaswant Singh,,,,,,Q3056379-6b83c37f-4e4f-36d5-d00d-ce89d410ee1f
Q3056379,George Fernandes,Q3533315,Minister of Defence of India,2001-10-21,2004-05-22,,,,Q3518489,Jaswant Singh,Q57446,Pranab Mukherjee,,,,,,Q3056379-1C63C3B6-66A5-4660-A468-15CA9D6D238C
Q3056379,George Fernandes,Q6866301,Minister of Railways,1989-12-02,1990-11-10,,,,Q1854649,Madhavrao Scindia,Q6153095,Janeshwar Mishra,,,,,,Q3056379-81FF3AD2-39E4-474E-B3B3-C22FE01AF8E8
Q5542079,George Malcolm,Q6866034,Minister of Agriculture,,,,,,,,,,,,http://www.mhs.mb.ca/docs/people/malcolm_gjh.shtml,,,Q5542079-cee29a2f-4b60-f3d0-b144-9bb5d8042425
Q5542079,George Malcolm,Q6866034,Minister of Agriculture,,,,,,,,,,,,http://www.annefield.net/george_john_huntley_malcolm.htm,,,Q5542079-cee29a2f-4b60-f3d0-b144-9bb5d8042425
Q16736894,Giriraj Singh,Q108560745,"Minister of Fisheries, Animal Husbandry and Dairying",2019-05-30,2021-07-07,,,,,,Q7140070,Parsottambhai Rupala,,,,,,Q16736894-D419DA13-8612-4232-AF3F-E765EEAE31E8
Q16736894,Giriraj Singh,Q6866272,Minister of Panchayati Raj,2021-07-07,,,,,Q6965799,Narendra Singh Tomar,,,,,https://www.india.gov.in/my-government/whos-who/council-ministers,Shri Giriraj Singh,Minister of Panchayati Raj,Q16736894-418CC766-1609-4DA1-AAC3-51DF2304FB94
Q16736894,Giriraj Singh,Q16874648,Minister of Rural Development,2021-07-07,,,,,Q6965799,Narendra Singh Tomar,,,,,https://www.india.gov.in/my-government/whos-who/council-ministers,Shri Giriraj Singh,Minister of Rural Development,Q16736894-BD635F7D-D793-450A-B3CA-89C08658E4DC
Q3633455,Gopinath Munde,Q16874648,Minister of Rural Development,2014-05-26,2014-06-03,,,,,,,,,,,,,Q3633455-F214CE36-75CC-435C-A060-D1AF8D5FB4C7
Q3633455,Gopinath Munde,Q6867517,Ministry of Rural Development,2014-05-26,2014-06-03,,,,Q907912,Jairam Ramesh,,,,,,,,Q3633455-1ab28c2d-49f7-87d3-286b-236adc6f58ee
Q2724411,Govind Ballabh Pant,Q3440901,Minister of Home Affairs,1955-01-10,1961-03-07,,,,,,,,,,,,,Q2724411-9dd3c8e7-419e-e9b7-14c5-f37193d4fec3
Q317769,Gulzarilal Nanda,Q313465,Minister of External Affairs,1964-05-27,1964-06-09,,,,Q1047,Jawaharlal Nehru,Q244689,Lal Bahadur Shastri,,,,,,Q317769-E61E884F-B5E7-48BD-8ABC-B8C5B4714051
Q317769,Gulzarilal Nanda,Q3440901,Minister of Home Affairs,1963-08-29,1966-11-14,,,,Q244689,Lal Bahadur Shastri,Q1764541,Yashwantrao Chavan,,,,,,Q317769-19D4CB8F-2068-44EE-881C-5064F39A24BC
Q317769,Gulzarilal Nanda,Q192711,Prime minister of India,1964-05-27,1964-06-09,,,,Q1047,Jawaharlal Nehru,Q244689,Lal Bahadur Shastri,,,,,,Q317769-2b6082b1-43c2-051e-9cc5-dbc65d438e8f
Q317769,Gulzarilal Nanda,Q192711,Prime minister of India,1966-01-11,1966-01-24,,,,Q244689,Lal Bahadur Shastri,Q1149,Indira Gandhi,,,,,,Q317769-c5e687d1-406d-22a0-4b02-4682d5e3a13a
Q377870,H. D. Deve Gowda,Q3440901,Minister of Home Affairs,1996-06-01,1996-06-29,,,,Q2604936,Murli Manohar Joshi,Q6026897,Indrajit Gupta,,,,,,Q377870-E4F36290-E542-4BA7-931F-D5C93188FBA3
Q377870,H. D. Deve Gowda,Q192711,Prime minister of India,1996-06-01,1997-04-21,,,11,Q233289,Atal Bihari Vajpayee,Q248484,I. K. Gujral,,,,,,Q377870-546c8ae2-420e-df4b-22d7-f537d3f2df3b
Q5650645,Hans Raj Khanna,Q18128071,Minister of Law and Justice of India,,,,,,,,,,,,,,,Q5650645-CC8599F8-6817-40B1-BBCD-4A15449118D4
Q5655835,Hardeep Singh Puri,Q6866278,Minister of Petroleum and Natural Gas,2021-07-07,,,,,Q5269370,Dharmendra Pradhan,,,,,https://www.india.gov.in/my-government/whos-who/council-ministers,Shri Hardeep Singh Puri,Minister of Petroleum and Natural Gas,Q5655835-D398CC57-4462-4FEB-9667-E1242E2219BE
Q5655835,Hardeep Singh Puri,Q16868002,Minister of Urban Development,2017-09-03,,,,,Q6965799,Narendra Singh Tomar,,,,,https://www.india.gov.in/my-government/whos-who/council-ministers,Shri Hardeep Singh Puri,Minister of Housing and Urban Affairs,Q5655835-124C4885-D8C3-4D35-A6D1-9FD7EE7B8605
Q5092244,Harekrishna Mahatab,Q6866058,Minister of Commerce and Industry,1950-05-13,1952-05-13,,,,Q7586186,Sri Prakasa,Q3532094,T. T. Krishnamachari,,,,,,Q5092244-60cc46ef-4673-5516-b455-b64c26102927
Q5092244,Harekrishna Mahatab,Q6866058,Minister of Commerce and Industry,1950-05-13,1952-05-13,,,,Q1047,Jawaharlal Nehru,Q3532094,T. T. Krishnamachari,,,,,,Q5092244-60cc46ef-4673-5516-b455-b64c26102927
Q5657914,Harish Rawat,Q16934521,Minister of Water Resources,2012-10-30,2014-01-31,,,,Q13099372,Pawan Kumar Bansal,Q3595131,Ghulam Nabi Azad,,,,,,Q5657914-C4D6C3BE-1F92-402B-BCBB-0E9FE76004B7
Q557014,Hidipo Hamutenya,Q6866209,Minister of Information and Broadcasting,,,,,,,,,,,,,,,Q557014-114F9CBA-3A08-4200-B92B-A01CCEA5CFB3
Q248484,I. K. Gujral,Q313465,Minister of External Affairs,1989-12-05,1990-11-10,,,,Q315338,Vishwanath Pratap Singh,Q7928167,Vidya Charan Shukla,,,,,,Q248484-11fce802-451b-6517-5140-4efdc8645a70
Q248484,I. K. Gujral,Q313465,Minister of External Affairs,1996-06-01,1998-03-19,,,,Q3629904,Sikander Bakht,Q233289,Atal Bihari Vajpayee,,,,,,Q248484-17BB3514-F278-4054-A547-30F02E67916B
Q248484,I. K. Gujral,Q1416501,Minister of Finance,1997-04-21,1997-05-01,,,,Q377358,P. Chidambaram,Q377358,P. Chidambaram,,,,,,Q248484-C5F3AEFB-6381-44FF-87A5-8CAB52E1A075
Q248484,I. K. Gujral,Q192711,Prime minister of India,1997-04-21,1998-03-19,,,12,Q377870,H. D. Deve Gowda,Q233289,Atal Bihari Vajpayee,,,,,,Q248484-d21b4a7b-43e5-f86d-5476-66c129fd1eae
Q1149,Indira Gandhi,Q3533315,Minister of Defence of India,1975-11-30,1975-12-20,,,,Q1034290,Swaran Singh,Q3634914,Bansi Lal,,,,,,Q1149-ebe03283-411f-b07b-3afb-03deceea2fd4
Q1149,Indira Gandhi,Q3533315,Minister of Defence of India,1980-01-14,1982-01-15,,,,Q982295,Chidambaram Subramaniam,Q297950,R. Venkataraman,,,,,,Q1149-DEC0DF12-C63B-4F9A-A213-66F5FB512EC1
Q1149,Indira Gandhi,Q313465,Minister of External Affairs,1967-09-06,1969-02-13,,,,Q3634250,M. C. Chagla,Q5278104,Dinesh Singh,,,,,,Q1149-cddc0126-43de-c6da-cf92-b7f926488fb3
Q1149,Indira Gandhi,Q313465,Minister of External Affairs,1984-07-19,1984-10-31,,,,Q275146,P. V. Narasimha Rao,Q4593,Rajiv Gandhi,,,,,,Q1149-6A36E261-AD97-4B63-AD09-3331E2EB503A
Q1149,Indira Gandhi,Q1416501,Minister of Finance,1969-07-16,1970-06-27,,,,Q218661,Morarji Desai,Q1764541,Yashwantrao Chavan,,,,,,Q1149-BCE0A072-EE7E-4F01-AC28-35A909F20945
Q1149,Indira Gandhi,Q3440901,Minister of Home Affairs,1970-06-27,1973-02-04,,,,Q1764541,Yashwantrao Chavan,Q7881031,Uma Shankar Dikshit,,,,,,Q1149-15FF131C-4301-4DBF-9241-DB1E00DFC251
Q1149,Indira Gandhi,Q6866209,Minister of Information and Broadcasting,1964-01-01,1966-01-01,,,,Q17388761,Satya Narayan Sinha,Q6425223,Kodardas Kalidas Shah,,,,,,Q1149-19F9CA20-1A4E-4E07-92C4-8AB71FA9AEB6
Q1149,Indira Gandhi,Q192711,Prime minister of India,1966-01-24,1977-03-24,,,3,Q317769,Gulzarilal Nanda,Q218661,Morarji Desai,,,,,,Q1149-11be62a9-4f42-7fed-f07f-6391aca0c3cc
Q1149,Indira Gandhi,Q192711,Prime minister of India,1980-01-14,1984-10-31,,,3,Q319824,Charan Singh,Q4593,Rajiv Gandhi,,,,,,Q1149-ff881f80-4044-cf6f-def8-40e4892f3cae
Q6026897,Indrajit Gupta,Q3440901,Minister of Home Affairs,1996-06-29,1998-03-19,,,,Q377870,H. D. Deve Gowda,Q468324,Lal Krishna Advani,,,,,,Q6026897-D200799A-D99B-4ECA-B683-95FE553B31CD
Q6121940,Jaffer Sharief,Q6866301,Minister of Railways,,,,,,,,,,,,,,,Q6121940-31722AA4-D0F9-4B68-8B83-579E8914F514
Q16193764,Jagat Prakash Nadda,Q17073489,Minister of Health and Family Welfare,2014-11-09,2019-05-30,,,,Q14647783,Harsh Vardhan,Q14647783,Harsh Vardhan,,,,,,Q16193764-53A69514-4586-4E70-8F22-A0636BE34BA3
Q1471625,Jagjivan Ram,Q1708557,Deputy Prime Minister of India,1977-03-24,1979-07-28,,,,,,,,,,,,,Q1471625-6B5C5867-FBAC-4337-9646-A23E736694AE
Q1471625,Jagjivan Ram,Q3533315,Minister of Defence of India,1977-03-24,1978-07-01,,,,,,,,,,,,,Q1471625-E852FC4C-7628-44DF-BB7E-265ACC7A2789
Q3518489,Jaswant Singh,Q3533315,Minister of Defence of India,2000-01-02,2001-10-18,,,,Q3056379,George Fernandes,Q3056379,George Fernandes,,,,,,Q3518489-A375EFDD-ED95-41AE-A3C2-D6F1D5734A6C
Q3518489,Jaswant Singh,Q313465,Minister of External Affairs,1998-12-05,2002-06-23,,,,Q233289,Atal Bihari Vajpayee,Q2723759,Yashwant Sinha,,,,,,Q3518489-056766aa-46ab-08a2-efe0-fce4f505e30b
Q3518489,Jaswant Singh,Q1416501,Minister of Finance,1996-05-16,1996-06-01,,,,Q41914,Manmohan Singh,Q377358,P. Chidambaram,,,,,,Q3518489-b034389f-4bd0-97dd-cd97-cc1530ebba5f
Q3518489,Jaswant Singh,Q1416501,Minister of Finance,2002-07-01,2004-05-21,,,,Q2723759,Yashwant Sinha,Q377358,P. Chidambaram,,,,,,Q3518489-C283DD9E-88DD-45A1-AAF9-81C44853C9A4
Q1047,Jawaharlal Nehru,Q3533315,Minister of Defence of India,1962-10-31,1962-11-14,,,,Q3595860,Vengalil Krishnan Krishna Menon,Q1764541,Yashwantrao Chavan,,,https://www.culturalindia.net/leaders/jawaharlal-nehru.html,,,Q1047-18BA96CE-105A-4180-8A39-7C6FC355CBB8
Q1047,Jawaharlal Nehru,Q313465,Minister of External Affairs,1947-08-15,1964-05-27,,,,,,Q317769,Gulzarilal Nanda,,,https://www.culturalindia.net/leaders/jawaharlal-nehru.html,,,Q1047-58C8A597-12C7-475C-8BE2-16DA245CD2A3
Q1047,Jawaharlal Nehru,Q1416501,Minister of Finance,1958-02-13,1958-03-13,,,,Q3532094,T. T. Krishnamachari,Q218661,Morarji Desai,,,https://www.culturalindia.net/leaders/jawaharlal-nehru.html,,,Q1047-76A21462-1FF6-4E40-83AA-6ECC953B634B
Q1047,Jawaharlal Nehru,Q192711,Prime minister of India,1947-08-15,1964-05-27,,,1,,,Q317769,Gulzarilal Nanda,,,https://www.culturalindia.net/leaders/jawaharlal-nehru.html,,,Q1047-341aa77b-40f4-2686-02c0-d8952751d4cb
Q6247132,John Mathai,Q1416501,Minister of Finance,1949-01-01,1950-05-29,,,2,Q3532049,R. K. Shanmukham Chetty,Q3763779,Chintaman Dwarkanath Deshmukh,,,,,,Q6247132-d5d79d4f-411e-2d17-b821-bbb2758a869d
Q6247132,John Mathai,Q6866301,Minister of Railways,1947-08-15,1948-09-22,,,1,,,Q6036811,N. Gopalaswami Ayyangar,,,,,,Q6247132-627415f2-48a1-1992-269a-0a400d48582d
Q6298726,Jual Oram,Q6866408,Minister of Tribal Affairs,1999-10-13,2004-05-22,,,,,,Q7148799,Paty Ripple Kyndiah,,,,,,Q6298726-F9943830-124A-465A-A4F5-FFA1322906BE
Q6298726,Jual Oram,Q6866408,Minister of Tribal Affairs,2014-05-26,2019-05-24,,,,Q6416636,Kishore Chandra Deo,Q3520052,Arjun Munda,,,,,,Q6298726-FF652137-7761-4ABF-AC4A-1D2C2B24C69B
Q16213761,Jyotiraditya Scindia,Q18390718,Minister of Civil Aviation,2021-07-07,,,,,Q5655835,Hardeep Singh Puri,,,,,https://www.india.gov.in/my-government/whos-who/council-ministers,Shri Jyotiraditya M. Scindia,Minister of Civil Aviation,Q16213761-EB237F1B-BC85-49A5-B7E2-1A6C5DBB99E4
Q33168,K. Chandrashekar Rao,Q6866235,Minister of Labour and Employment,2004-11-27,2006-08-24,,,,Q6024265,Sis Ram Ola,Q41914,Manmohan Singh,,,,,,Q33168-662F2B31-EC8F-4FCD-B2FF-399C267C3C0F
Q33168,K. Chandrashekar Rao,Q108560657,"Minister of Ports, Shipping and Waterways",2004-05-22,2004-05-25,,,,Q3595242,Shatrughan Sinha,Q3534034,T. R. Baalu,,,,,,Q33168-2D0A53FD-BC92-4980-A9B8-3BB97FD425DA
Q1285090,K. Natwar Singh,Q313465,Minister of External Affairs,2004-05-22,2005-12-06,,,,Q2723759,Yashwant Sinha,Q41914,Manmohan Singh,,,,,,Q1285090-CFB3A7E8-B561-4AC7-A369-46CC49E1A882
Q25748324,K. T. Rama Rao,Q30275501,Minister for Information and Technology,,,,,,,,,,,,,,,Q25748324-7cff3b9d-4fd4-e702-1501-8b5b079bed19
Q1287413,Kamal Nath,Q6866058,Minister of Commerce and Industry,2004-05-01,2009-04-01,,,,,,,,,,,,,Q1287413-CF0B8295-53AF-4A25-A7B3-21164DA9CCE6
Q1287413,Kamal Nath,Q6866308,Minister of Road Transport and Highways,2009-05-22,2011-01-18,,,,Q3534034,T. R. Baalu,Q5006743,C. P. Joshi,,,,,,Q1287413-000C09CB-6CB3-43F8-A811-7BC965B14B64
Q1287413,Kamal Nath,Q16868002,Minister of Urban Development,2011-01-01,2012-10-01,,,,,,,,,,,,,Q1287413-CC3040B2-D652-4355-A7E5-94EDE349B1C6
Q3595490,Kantilal Bhuria,Q6866408,Minister of Tribal Affairs,2009-01-01,2011-07-01,,,,,,Q6416636,Kishore Chandra Deo,,,,,,Q3595490-70429288-43a2-9fb9-ff4a-b1829f8f509e
Q1206954,Kapil Sibal,Q6866064,Minister of Communications and Information Technology,,,,,,,,,,,,,,,Q1206954-4FAB10A9-1BEC-4E35-8596-C02D6B4BC050
Q1206954,Kapil Sibal,Q18128071,Minister of Law and Justice of India,2013-05-11,2014-05-25,,,,Q4806165,Ashwani Kumar,Q3630922,Ravi Shankar Prasad,,,,,,Q1206954-85CD48AE-6041-4FF1-9FE9-D4B8619E8ACA
Q3764086,Kasu Brahmananda Reddy,Q3440901,Minister of Home Affairs,1974-10-10,1977-03-24,,,,Q7881031,Uma Shankar Dikshit,Q319824,Charan Singh,,,,,,Q3764086-3fdd3ffe-4e65-b894-7ffe-0c9502a62865
Q13512569,Kavuru Samba Siva Rao,Q6866396,Minister of Textiles,2013-06-17,2014-05-26,,,,Q755831,Anand Sharma,Q7420653,Santosh Gangwar,,,,,,Q13512569-BE69C6C6-DCAD-479D-BCE7-DEC874F2D1E0
Q6415053,Kiren Rijiju,Q18128071,Minister of Law and Justice of India,2021-07-07,,,,,Q3630922,Ravi Shankar Prasad,,,,,https://www.india.gov.in/my-government/whos-who/council-ministers,Shri Kiren Rijiju,Minister of Law and Justice,Q6415053-6A7E19FD-1414-422F-B5F3-1DF2BA32AE8E
Q6416636,Kishore Chandra Deo,Q6866408,Minister of Tribal Affairs,2011-07-12,2014-05-26,,,,Q3595490,Kantilal Bhuria,Q6298726,Jual Oram,,,,,,Q6416636-21E58061-73C3-4824-A39E-405A433095DE
Q244689,Lal Bahadur Shastri,Q313465,Minister of External Affairs,1964-06-09,1964-07-18,,,,Q317769,Gulzarilal Nanda,Q1034290,Swaran Singh,,,,,,Q244689-ACECB871-AC2C-4D31-9E01-A8070BD85062
Q244689,Lal Bahadur Shastri,Q3440901,Minister of Home Affairs,1961-04-04,1963-08-29,,,,Q2724411,Govind Ballabh Pant,Q317769,Gulzarilal Nanda,,,,,,Q244689-915627A0-2944-4803-A316-010492A38EA5
Q244689,Lal Bahadur Shastri,Q192711,Prime minister of India,1964-06-09,1966-01-11,,,,Q317769,Gulzarilal Nanda,Q317769,Gulzarilal Nanda,,,,,,Q244689-25f8cadd-4798-1700-1496-49922a3f958f
Q468324,Lal Krishna Advani,Q1708557,Deputy Prime Minister of India,2002-02-05,2004-05-22,,,7,Q1764533,Chaudhary Devi Lal,,,,,,,,Q468324-D9B05C07-1F78-4AE1-9FAD-375B15E62794
Q468324,Lal Krishna Advani,Q3440901,Minister of Home Affairs,1998-03-19,2004-05-22,,,,Q6026897,Indrajit Gupta,Q1897174,Shivraj Patil,,,,,,Q468324-4A994956-06BF-47C0-8593-AFE58FD0E7A0
Q468324,Lal Krishna Advani,Q6866209,Minister of Information and Broadcasting,1977-03-24,1980-07-28,,,,,,,,,,,,,Q468324-2A7309F2-5DEF-4E44-9901-DE0CFE23AAA2
Q561812,Lalu Prasad Yadav,Q6866301,Minister of Railways,2004-05-24,2009-05-23,,,,Q122304,Nitish Kumar,Q465041,Mamata Banerjee,,,,,,Q561812-94DF4597-2F4C-44BF-B7C9-F750FEFC7F08
Q295713,Liaquat Ali Khan,Q1416501,Minister of Finance,1946-10-29,1947-08-14,,,,,,Q3532049,R. K. Shanmukham Chetty,,,,,,Q295713-CB6D804E-3A1E-400F-A24C-155B535B27A0
Q3634250,M. C. Chagla,Q313465,Minister of External Affairs,1966-11-14,1967-09-05,,,,Q1034290,Swaran Singh,Q1149,Indira Gandhi,,,,,,Q3634250-8425e7f8-4bdd-b0be-70cf-89192de96f5f
Q6727271,Madhav Singh Solanki,Q313465,Minister of External Affairs,1991-06-21,1992-03-31,,,,Q334279,Chandra Shekhar,Q275146,P. V. Narasimha Rao,,,,,,Q6727271-7282a5e4-4b78-bc36-66cc-587ca70929d8
Q1854649,Madhavrao Scindia,Q6866301,Minister of Railways,,,,,,,,,,,,,,,Q1854649-ED6EE632-DC8C-422B-932D-C4A6E89ED958
Q339715,Madhu Dandavate,Q1416501,Minister of Finance,1989-12-05,1990-11-10,,,,,,,,,,,,,Q339715-51076ac2-4075-f7ee-f046-3a6a7ca57f82
Q16902198,Mahendra Nath Pandey,Q6866176,Minister of Heavy Industries and Public Enterprises,2021-07-07,,,,,Q7238178,Prakash Javadekar,,,,,https://www.india.gov.in/my-government/whos-who/council-ministers,Dr. Mahendra Nath Pandey,Minister of Heavy Industries,Q16902198-92E9A879-CCB8-4B97-8087-A08EA74979DF
Q16902198,Mahendra Nath Pandey,Q108560799,Minister of Skill Development and Entrepreneurship,2019-05-31,2021-07-07,,,,Q5269370,Dharmendra Pradhan,Q5269370,Dharmendra Pradhan,,,,,,Q16902198-98D87E3D-030D-4EFB-8913-4ECF9768D84E
Q465041,Mamata Banerjee,Q6866301,Minister of Railways,1999-10-13,2001-03-15,Q7784995,Third Vajpayee Ministry,,Q6002323,Ram Naik,Q122304,Nitish Kumar,,,,,,Q465041-03db6543-4c04-6c66-5e6f-c5a20b61cade
Q465041,Mamata Banerjee,Q6866301,Minister of Railways,2009-05-22,2011-05-19,Q16933786,Second Manmohan Singh ministry,,Q561812,Lalu Prasad Yadav,Q3525366,Dinesh Trivedi,,,,,,Q465041-2C639675-5408-4A64-B1FC-1D8B637FFBF2
Q41914,Manmohan Singh,Q313465,Minister of External Affairs,2005-12-06,2006-10-24,,,,Q1285090,K. Natwar Singh,Q57446,Pranab Mukherjee,,,,,,Q41914-9ab41b2a-4605-54b6-b047-3173d761eaea
Q41914,Manmohan Singh,Q1416501,Minister of Finance,1991-06-21,1996-05-16,,,,Q2723759,Yashwant Sinha,Q3518489,Jaswant Singh,,,,,,Q41914-28B12598-B8C7-4A46-8227-2DA2DDE969C4
Q41914,Manmohan Singh,Q192711,Prime minister of India,2004-05-22,2014-05-26,,,13,Q233289,Atal Bihari Vajpayee,Q1058,Narendra Modi,,,,,,Q41914-e11ac79d-4d61-91cf-6a4f-e40f4fbc3c51
Q1391309,Manohar Parrikar,Q3533315,Minister of Defence of India,2014-11-09,2017-03-13,,,,Q3629480,Arun Jaitley,Q3629480,Arun Jaitley,,,,,,Q1391309-696929b4-40e5-e0af-38c5-2c34da95fb85
Q21170728,Mansukh L. Mandaviya,Q6866049,Minister of Chemicals and Fertilizers,2021-07-07,,,,,Q1151446,D. V. Sadananda Gowda,,,,,https://www.india.gov.in/my-government/whos-who/council-ministers,Shri Mansukh L. Mandaviya,Minister of Chemicals and Fertilizers,Q21170728-331E39F9-67D6-48D6-8B1B-F34774C8DDF6
Q21170728,Mansukh L. Mandaviya,Q17073489,Minister of Health and Family Welfare,2021-07-07,,,,,Q14647783,Harsh Vardhan,,,,,https://www.india.gov.in/my-government/whos-who/council-ministers,Shri Mansukh L. Mandaviya,Minister of Health and Family Welfare,Q21170728-B368EF0F-5FFC-4F26-BE5E-3000953B78A3
Q218661,Morarji Desai,Q1708557,Deputy Prime Minister of India,1967-03-13,1969-07-16,,,2,Q9455,Vallabhbhai Patel,Q1471625,Jagjivan Ram,,,,,,Q218661-FD8EFB5E-5104-41C1-ABC8-4AB079629605
Q218661,Morarji Desai,Q1416501,Minister of Finance,1967-03-13,1969-07-16,,,,Q7396754,Sachindra Chaudhuri,Q1149,Indira Gandhi,,,,,,Q218661-67BE53FC-7BD0-45A9-9073-938B476DDBAA
Q218661,Morarji Desai,Q3440901,Minister of Home Affairs,1978-07-01,1979-07-28,,,,Q319824,Charan Singh,Q1764541,Yashwantrao Chavan,,,,,,Q218661-C32CAA5D-612C-4EB4-9580-CA350852679B
Q218661,Morarji Desai,Q192711,Prime minister of India,1977-03-24,1979-07-28,,,4,Q1149,Indira Gandhi,Q319824,Charan Singh,,,,,,Q218661-7a9ec5b3-4a8a-54f9-e8ff-a6e033dc6dd4
Q6095720,Mufti Mohammad Sayeed,Q3440901,Minister of Home Affairs,1989-12-02,1990-11-10,,,,Q7423687,Buta Singh,Q334279,Chandra Shekhar,,,,,,Q6095720-F8C46F6D-4DC4-49A6-82FF-49DE08D36515
Q16119431,Muhanned Salman Al Saadi,Q16934521,Minister of Water Resources,2010-12-22,2014-01-01,,,,,,,,,,,,,Q16119431-5cf801c8-49c8-2d7e-d6de-b0244edd1875
Q6933491,Mukhtar Abbas Naqvi,Q108560768,Minister of Minority Affairs,2016-07-12,,,,,Q1963905,Najma Heptulla,,,,,https://www.india.gov.in/my-government/whos-who/council-ministers,Shri Mukhtar Abbas Naqvi,Minister of Minority Affairs,Q6933491-F22AE554-0BE7-4669-A4FE-E941FA653F53
Q3764667,Muppavarapu Venkaiah Naidu,Q6866188,Minister of Housing and Urban Poverty Alleviation,2014-05-26,2017-07-17,,,,,,,,,,,,,Q3764667-8c66dac8-4ac2-72cd-e9f5-e0af655d627b
Q3764667,Muppavarapu Venkaiah Naidu,Q6866209,Minister of Information and Broadcasting,2016-07-05,2017-07-17,,,,,,,,,,,,,Q3764667-06e66fa8-46e7-30ad-f1c0-bbcb75b6b7c2
Q3764667,Muppavarapu Venkaiah Naidu,Q6866273,Minister of Parliamentary Affairs,2014-05-26,2016-07-05,,,,Q1287413,Kamal Nath,Q4751468,Ananth Kumar,,,,,,Q3764667-FE014F22-716C-47E7-9618-E1090F33DF34
Q3764667,Muppavarapu Venkaiah Naidu,Q16874648,Minister of Rural Development,2000-09-30,2002-06-30,,,,Q7321222,Sunder Lal Patwa,Q3595229,Kashiram Rana,,,,,,Q3764667-5ef1e0f5-4e05-5cb5-5877-bf10c9b723e3
Q3764667,Muppavarapu Venkaiah Naidu,Q16868002,Minister of Urban Development,2014-05-26,2017-07-17,,,,Q1287413,Kamal Nath,Q6965799,Narendra Singh Tomar,,,,,,Q3764667-55D51C3B-F722-46E6-B828-2E8FC7AB2855
Q2604936,Murli Manohar Joshi,Q3440901,Minister of Home Affairs,1996-05-16,1996-06-01,,,,,,,,,,,,,Q2604936-7032e613-41b5-2280-afef-28cc888b8fe8
Q2604936,Murli Manohar Joshi,Q4294642,Ministry of Education,1998-05-19,2004-05-22,,,,,,Q3309208,Arjun Singh,,,,,,Q2604936-0F533E75-B89E-488B-9E57-C2E9F00B78E8
Q3520007,N. D. Tiwari,Q313465,Minister of External Affairs,1986-10-22,1987-07-25,,,,Q7117543,P. Shiv Shankar,Q4593,Rajiv Gandhi,,,,,,Q3520007-d9758110-4dbb-c6a4-e79f-37a547a09c36
Q1963905,Najma Heptulla,Q108560768,Minister of Minority Affairs,2014-05-26,2016-07-12,,,,Q13552853,K. Rahman Khan,Q6933491,Mukhtar Abbas Naqvi,,,,,,Q1963905-972461DC-3B12-4E54-8A96-3088E62CB1F8
Q3631470,Narayan Rane,Q108559630,"Minister of Micro, Small and Medium Enterprises",2021-07-07,,,,,Q3504520,Nitin Gadkari,,,,,https://www.india.gov.in/my-government/whos-who/council-ministers,Shri Narayan Tatu Rane,"Minister of Micro, Small and Medium Enterprises",Q3631470-1CBB5D7C-960A-427E-801D-9D34F8FC18EF
Q1058,Narendra Modi,Q192711,Prime minister of India,2014-05-26,,,,15,Q41914,Manmohan Singh,,,,,https://www.india.gov.in/my-government/whos-who/council-ministers,Shri Narendra Modi,Prime Minister,Q1058-ddad0908-4e1d-35fb-5013-ab40b9934572
Q6965799,Narendra Singh Tomar,Q6866034,Minister of Agriculture,2019-05-30,,,,,Q7280187,Radha Mohan Singh,,,,,https://www.india.gov.in/my-government/whos-who/council-ministers,Shri Narendra Singh Tomar,Minister of Agriculture & Farmers Welfare,Q6965799-285C01C0-EC3C-44B3-A7DC-E4F564546D7D
Q6965799,Narendra Singh Tomar,Q6866140,Minister of Food Processing Industries,2020-09-18,2021-07-07,,,,Q16154549,Harsimrat Kaur Badal,Q28227517,Pashupati Kumar Paras,,,,,,Q6965799-669DD65F-D171-4C3F-AB5D-52E3F54CE4F1
Q6965799,Narendra Singh Tomar,Q6866235,Minister of Labour and Employment,2014-05-26,2014-11-09,,,,Q6024265,Sis Ram Ola,Q4854461,Bandaru Dattatreya,,,,,,Q6965799-0221329E-F75E-4CAC-9767-A2AD67885BA4
Q6965799,Narendra Singh Tomar,Q6866250,Minister of Mines,2014-05-26,2016-07-05,,,,Q5278713,Dinsha Patel,Q7199798,Piyush Goyal,,,,,,Q6965799-4f3ce23b-45ef-6732-6dc2-aaec3ca1f34e
Q6965799,Narendra Singh Tomar,Q6866250,Minister of Mines,2017-09-03,2019-05-30,,,,Q7199798,Piyush Goyal,Q7238224,Pralhad Joshi,,,,,,Q6965799-17C389FF-C2A4-4CD1-A8DA-CC52F16CEF81
Q6965799,Narendra Singh Tomar,Q6866272,Minister of Panchayati Raj,2016-07-05,2021-07-07,,,,Q5065890,Ch. Birender Singh,Q16736894,Giriraj Singh,,,,,,Q6965799-8D02F1FA-195F-49F5-918D-11B73A95B704
Q6965799,Narendra Singh Tomar,Q6866273,Minister of Parliamentary Affairs,2018-11-13,2019-05-30,,,,Q4751468,Ananth Kumar,Q7238224,Pralhad Joshi,,,,,,Q6965799-168165BD-B4FE-46C2-A91C-F49657D04B88
Q6965799,Narendra Singh Tomar,Q16874648,Minister of Rural Development,2016-07-05,2021-07-07,,,,Q5065890,Ch. Birender Singh,Q16736894,Giriraj Singh,,,,,,Q6965799-6F7D73E8-CCF5-4381-AFCF-01804B9A8FCE
Q6965799,Narendra Singh Tomar,Q6866391,Minister of Steel,2014-05-26,2016-07-05,,,,Q4887907,Beni Prasad Verma,Q5065890,Ch. Birender Singh,,,,,,Q6965799-B4874A27-9380-4CAE-B1E9-D773B110EBBD
Q6965799,Narendra Singh Tomar,Q16868002,Minister of Urban Development,2017-07-18,2017-09-03,,,,Q3764667,Muppavarapu Venkaiah Naidu,Q5655835,Hardeep Singh Puri,,,,,,Q6965799-A5D0B321-4BF8-4A97-9B5F-012F9FF62AC6
Q7040049,Nirmala Sitharaman,Q6866058,Minister of Commerce and Industry,2014-05-26,2017-09-03,,,,Q755831,Anand Sharma,Q7645772,Suresh Prabhu,,,,,,Q7040049-5d1dbe14-40f8-cae6-2598-943017b72e2f
Q7040049,Nirmala Sitharaman,Q108560754,Minister of Corporate Affairs,2019-05-30,,,,,Q3629480,Arun Jaitley,,,,,https://www.india.gov.in/my-government/whos-who/council-ministers,Smt. Nirmala Sitharaman,Minister of Corporate Affairs,Q7040049-49F573C0-68B7-40FB-81EF-78FEB64F1CFD
Q7040049,Nirmala Sitharaman,Q3533315,Minister of Defence of India,2017-09-03,2019-05-30,,,,Q3629480,Arun Jaitley,Q3506475,Rajnath Singh,,,,,,Q7040049-e5aace72-4f31-f952-69d4-60744eb6e0aa
Q7040049,Nirmala Sitharaman,Q1416501,Minister of Finance,2019-05-31,,,,,Q3629480,Arun Jaitley,,,,,https://www.india.gov.in/my-government/whos-who/council-ministers,Smt. Nirmala Sitharaman,Minister of Finance,Q7040049-22ac3e8a-4f5f-e0c4-d1c9-439631b1d763
Q3504520,Nitin Gadkari,Q108559630,"Minister of Micro, Small and Medium Enterprises",2019-05-30,2021-07-07,,,,Q16736894,Giriraj Singh,Q3631470,Narayan Rane,,,,,,Q3504520-EC9084C6-D1B4-4BB4-BFE9-AD72A081C250
Q3504520,Nitin Gadkari,Q6866308,Minister of Road Transport and Highways,2014-05-26,,,,,Q1453956,Oscar Fernandes,,,,,https://www.india.gov.in/my-government/whos-who/council-ministers,Shri Nitin Jairam Gadkari,Minister of Road Transport and Highways,Q3504520-157B2485-62EF-4BD4-A312-2C2531B845E3
Q3504520,Nitin Gadkari,Q16875646,Minister of Shipping (India),2014-05-26,2019-05-30,,,,Q3532853,G. K. Vasan,Q21170728,Mansukh L. Mandaviya,,,,,,Q3504520-8766D2B6-4283-478B-AABC-836746D57D30
Q377358,P. Chidambaram,Q1416501,Minister of Finance,2004-05-22,2008-11-30,,,,,,,,,,,,,Q377358-f0899d31-411c-066a-5f8e-bc0504de791a
Q377358,P. Chidambaram,Q1416501,Minister of Finance,2012-07-31,2014-05-17,,,,Q41914,Manmohan Singh,Q3629480,Arun Jaitley,,,,,,Q377358-04278F08-E5B8-4E96-8ADF-24FB78E8D1AD
Q377358,P. Chidambaram,Q3440901,Minister of Home Affairs,1997-05-01,1998-03-19,,,,Q248484,I. K. Gujral,Q2723759,Yashwant Sinha,,,,,,Q377358-68E124C3-AF68-40B5-8F8D-F616B587E7DC
Q7117543,P. Shiv Shankar,Q313465,Minister of External Affairs,1986-05-12,1986-10-22,,,,Q2604943,Bali Ram Bhagat,Q3520007,N. D. Tiwari,,,,,,Q7117543-cb72cd17-4fb3-89b3-83fa-f0abe404c7c7
Q275146,P. V. Narasimha Rao,Q3533315,Minister of Defence of India,1993-03-06,1996-05-16,,,,,,,,,,,,,Q275146-7df7b4df-4488-b231-86a7-5a6228d00a5e
Q275146,P. V. Narasimha Rao,Q313465,Minister of External Affairs,1980-01-14,1984-07-19,,,,Q288528,Shyam Nandan Prasad Mishra,Q1149,Indira Gandhi,,,,,,Q275146-3f03d58c-420d-c9ba-0fca-7f0ad3961570
Q275146,P. V. Narasimha Rao,Q313465,Minister of External Affairs,1988-06-25,1989-12-02,,,,Q4593,Rajiv Gandhi,Q315338,Vishwanath Pratap Singh,,,,,,Q275146-bba90143-4607-fae4-078e-1bb46574ea53
Q275146,P. V. Narasimha Rao,Q313465,Minister of External Affairs,1992-03-31,1993-01-18,,,,Q6727271,Madhav Singh Solanki,Q5278104,Dinesh Singh,,,,,,Q275146-d01195a2-4bf8-8f5f-4d92-c23293170772
Q275146,P. V. Narasimha Rao,Q3440901,Minister of Home Affairs,1984-07-19,1984-12-31,,,,,,,,,,,,,Q275146-8affb2bf-4a97-d09b-8c2f-17ea6245a04a
Q275146,P. V. Narasimha Rao,Q3440901,Minister of Home Affairs,1986-03-12,1986-05-12,,,,,,,,,,,,,Q275146-1fe7d95e-4435-2999-e844-85b86304187a
Q275146,P. V. Narasimha Rao,Q192711,Prime minister of India,1991-06-21,1996-05-16,,,,Q334279,Chandra Shekhar,Q233289,Atal Bihari Vajpayee,,,,,,Q275146-b7e6b61d-4a1b-d176-f60e-2ca62dd67d29
Q7140070,Parsottambhai Rupala,Q108560745,"Minister of Fisheries, Animal Husbandry and Dairying",2021-07-07,,,,,Q16736894,Giriraj Singh,,,,,https://www.india.gov.in/my-government/whos-who/council-ministers,Shri Parshottam Rupala,"Minister of Fisheries, Animal Husbandry and Dairying",Q7140070-78095250-2627-4F89-8423-2CBEB9AABED5
Q28227517,Pashupati Kumar Paras,Q6866140,Minister of Food Processing Industries,2021-07-07,,,,,Q6965799,Narendra Singh Tomar,,,,,https://www.india.gov.in/my-government/whos-who/council-ministers,Shri Pashu Pati Kumar Paras,Minister of Food Processing Industries,Q28227517-D1ED8E20-E789-4F19-8985-497535CC2F79
Q7199798,Piyush Goyal,Q18128069,Minister of Coal,2014-05-26,2019-05-31,,,,Q7504174,Shriprakash Jaiswal,Q7238224,Pralhad Joshi,,,,,,Q7199798-D50EBB93-22D2-4F39-A0C6-7CDC590E490F
Q7199798,Piyush Goyal,Q6866058,Minister of Commerce and Industry,2019-05-30,,,,,Q7645772,Suresh Prabhu,,,,,https://www.india.gov.in/my-government/whos-who/council-ministers,Shri Piyush Goyal,Minister of Commerce and Industry,Q7199798-AA90BDC8-50C9-4FAA-AED7-1D962090F2B5
Q7199798,Piyush Goyal,Q16878665,"Minister of Consumer Affairs, Food and Public Distribution",2020-10-08,,,,,Q6036905,Ram Vilas Paswan,,,,,https://www.india.gov.in/my-government/whos-who/council-ministers,Shri Piyush Goyal,"Minister of Consumer Affairs, Food and Public Distribution",Q7199798-A43D4688-271F-4E1B-B82B-202A506D6D7E
Q7199798,Piyush Goyal,Q1416501,Minister of Finance,2018-05-14,2018-08-23,,,,Q3629480,Arun Jaitley,Q3629480,Arun Jaitley,,,,,,Q7199798-C2C6545B-1194-411A-8032-37ED5D70B5B2
Q7199798,Piyush Goyal,Q1416501,Minister of Finance,2019-01-23,2019-02-15,,,,Q3629480,Arun Jaitley,Q3629480,Arun Jaitley,,,,,,Q7199798-d9ad253e-467e-2612-bb92-a33cafe04150
Q7199798,Piyush Goyal,Q6866250,Minister of Mines,2016-07-05,2017-09-03,,,,Q6965799,Narendra Singh Tomar,Q6965799,Narendra Singh Tomar,,,,,,Q7199798-CD81AE86-4F17-4DE9-B412-E42F3246D245
Q7199798,Piyush Goyal,Q6866267,Minister of New and Renewable Energy,2014-05-26,2017-09-03,,,,Q3517911,Farooq Abdullah,Q16185592,R. K. Singh,,,,,,Q7199798-4879B7C0-10A4-4CF8-B129-93AD4ABA2CC3
Q7199798,Piyush Goyal,Q6866301,Minister of Railways,2017-09-03,2021-07-07,,,,Q7645772,Suresh Prabhu,Q75184694,Ashwini Vaishnaw,,,,,,Q7199798-B37806BB-C5DC-4627-BC68-4E8ED38394E9
Q7199798,Piyush Goyal,Q6866396,Minister of Textiles,2021-07-07,,,,,Q7546539,Smriti Irani,,,,,https://www.india.gov.in/my-government/whos-who/council-ministers,Shri Piyush Goyal,Minister of Textiles,Q7199798-A24C7379-88F8-49FC-A4BE-5C0C34682F80
Q7238178,Prakash Javadekar,Q108559737,Minister of Environment and Forests,2014-05-26,2016-07-05,,,,Q3519659,Veerappa Moily,Q19975765,Anil Madhav Dave,,,,,,Q7238178-F4BA3843-2379-4FD3-8AEA-74159DB61839
Q7238178,Prakash Javadekar,Q108559737,Minister of Environment and Forests,2019-05-30,2021-07-07,,,,Q14647783,Harsh Vardhan,,,,,,,,Q7238178-FE51D263-415B-465D-A6D1-DA6C076EB500
Q7238178,Prakash Javadekar,Q6866176,Minister of Heavy Industries and Public Enterprises,2019-11-12,2021-07-07,,,,Q16890500,Arvind Sawant,,,,,,,,Q7238178-212E42E0-5714-4FDC-8333-B3B9C365E1AE
Q7238178,Prakash Javadekar,Q12454125,Minister of Human Resource Development,2016-07-05,2019-05-30,,,,Q7546539,Smriti Irani,Q3522405,Ramesh Pokhriyal,,,,,,Q7238178-F357B2C1-4029-4C3C-9D22-BE8C05373A8D
Q7238178,Prakash Javadekar,Q6866209,Minister of Information and Broadcasting,2014-05-26,2014-11-09,,,,,,,,,,,,,Q7238178-05071476-7137-468F-A2BA-E4867715FD34
Q7238178,Prakash Javadekar,Q6866209,Minister of Information and Broadcasting,2019-05-30,2021-07-07,,,,Q982805,Rajyavardhan Rathore,Q4777895,Anurag Thakur,,,,,,Q7238178-F072DB07-0960-46F7-9B6C-40A5C4D071C2
Q7238224,Pralhad Joshi,Q18128069,Minister of Coal,2019-05-30,,,,,Q7199798,Piyush Goyal,,,,,https://www.india.gov.in/my-government/whos-who/council-ministers,Shri Pralhad Joshi,Minister of Coal,Q7238224-D0EAAF5D-2F5A-49B4-BE78-79ED0A2AC4D1
Q7238224,Pralhad Joshi,Q6866250,Minister of Mines,2019-05-30,,,,,Q6965799,Narendra Singh Tomar,,,,,https://www.india.gov.in/my-government/whos-who/council-ministers,Shri Pralhad Joshi,Minister of Mines,Q7238224-0372AD89-0B36-402F-89A1-1297CC2BFBAE
Q7238224,Pralhad Joshi,Q6866273,Minister of Parliamentary Affairs,2019-05-30,,,,,Q6965799,Narendra Singh Tomar,,,,,https://www.india.gov.in/my-government/whos-who/council-ministers,Shri Pralhad Joshi,Minister of Parliamentary Affairs,Q7238224-F5EC3181-5378-4AB7-83C2-C581389973F9
Q57446,Pranab Mukherjee,Q3533315,Minister of Defence of India,2004-05-22,2006-10-26,,,,Q3056379,George Fernandes,Q278849,A. K. Antony,,,,,,Q57446-22C18570-ADD2-47EA-82A7-658DE237ADE0
Q57446,Pranab Mukherjee,Q313465,Minister of External Affairs,1995-02-10,1996-05-16,,,,Q5278104,Dinesh Singh,Q3629904,Sikander Bakht,,,,,,Q57446-fcdfdaa5-48d2-a0d7-bf68-2f59a396aba1
Q57446,Pranab Mukherjee,Q313465,Minister of External Affairs,2006-10-24,2009-05-22,,,,Q41914,Manmohan Singh,Q58292,S. M. Krishna,,,,,,q57446-94F02658-D9BF-44CA-84DD-60A12F888AD8
Q57446,Pranab Mukherjee,Q1416501,Minister of Finance,1982-01-15,1984-12-31,,,,Q297950,R. Venkataraman,Q315338,Vishwanath Pratap Singh,,,,,,Q57446-bbfd0700-4193-35d8-bf6f-f48408604b8b
Q57446,Pranab Mukherjee,Q1416501,Minister of Finance,2009-01-24,2012-06-26,,,,Q41914,Manmohan Singh,Q41914,Manmohan Singh,,,,,,q57446-E1153D21-B819-4843-8D96-6D4B19DEDA5A
Q19895533,Purushottam Kaushik,Q6866209,Minister of Information and Broadcasting,,,,,,,,,,,,https://www.news18.com/news/india/former-union-minister-purushottam-lal-kaushik-passes-away-1537805.html,,,Q19895533-26cd3f35-46e5-0acd-f277-687a305c9e02
Q3532049,R. K. Shanmukham Chetty,Q1416501,Minister of Finance,1947-08-15,1949-01-01,,,,,,Q6247132,John Mathai,,,,,,Q3532049-d24a2e89-47a7-5d14-9c1a-94c73ee26dde
Q16185592,R. K. Singh,Q6866267,Minister of New and Renewable Energy,2017-09-03,,,,,Q7199798,Piyush Goyal,,,,,https://www.india.gov.in/my-government/whos-who/council-ministers,Shri Raj Kumar Singh,Minister of New and Renewable Energy,Q16185592-DD94ED21-C300-41F8-86E0-4DD2A41D2BF5
Q16185592,R. K. Singh,Q108559711,Minister of Power,2017-09-03,,,,,Q7199798,Piyush Goyal,,,,,https://www.india.gov.in/my-government/whos-who/council-ministers,Shri Raj Kumar Singh,Minister of Power,Q16185592-6EE2FF2A-54E1-4E5D-AEEA-33F3D03DE541
Q297950,R. Venkataraman,Q3533315,Minister of Defence of India,1982-01-15,1984-08-02,,,,Q1149,Indira Gandhi,Q5607249,Shankarrao Chavan,,,,,,Q297950-d0c19739-40ee-e724-ba69-93f9a14472cb
Q297950,R. Venkataraman,Q1416501,Minister of Finance,1980-01-14,1982-01-15,,,,Q5712859,Hemwati Nandan Bahuguna,Q57446,Pranab Mukherjee,,,,,,Q297950-699b94cf-4be8-3787-a31e-c0fd29263110
Q297950,R. Venkataraman,Q3440901,Minister of Home Affairs,1982-06-22,1982-09-02,,,,Q334851,Zail Singh,Q7238171,Prakash Chandra Sethi,,,,,,Q297950-91149f79-48fa-a81d-46b1-58fde378fada
Q18720206,RCP Singh,Q6866391,Minister of Steel,2021-07-07,,,,,Q5269370,Dharmendra Pradhan,,,,,https://www.india.gov.in/my-government/whos-who/council-ministers,Shri Ramchandra Prasad Singh,Minister of Steel,Q18720206-638CD688-6AB1-4682-AA76-15A8170A40E0
Q4593,Rajiv Gandhi,Q313465,Minister of External Affairs,1984-10-31,1985-09-24,,,,Q1149,Indira Gandhi,Q2604943,Bali Ram Bhagat,,,,,,Q4593-1799c5a7-467c-5fc4-ed56-fce4c22b71b7
Q4593,Rajiv Gandhi,Q313465,Minister of External Affairs,1987-07-25,1988-06-25,,,,Q3520007,N. D. Tiwari,Q275146,P. V. Narasimha Rao,,,https://www.culturalindia.net/leaders/rajiv-gandhi.html,,,Q4593-BDCB06AA-6F71-4C46-83C4-CE38EF9E3A4F
Q4593,Rajiv Gandhi,Q192711,Prime minister of India,1984-10-31,1989-12-02,,,,Q1149,Indira Gandhi,Q315338,Vishwanath Pratap Singh,,,https://www.indiainfoline.com/prime-ministers-of-india/rajiv-gandhi,,,Q4593-1f3df107-4224-eaf0-6199-5fcf4a44a4f4
Q4593,Rajiv Gandhi,Q192711,Prime minister of India,1984-10-31,1989-12-02,,,,Q1149,Indira Gandhi,Q315338,Vishwanath Pratap Singh,,,https://www.culturalindia.net/leaders/rajiv-gandhi.html,,,Q4593-1f3df107-4224-eaf0-6199-5fcf4a44a4f4
Q3506475,Rajnath Singh,Q3533315,Minister of Defence of India,2019-05-31,,,,,Q7040049,Nirmala Sitharaman,,,,,https://www.india.gov.in/my-government/whos-who/council-ministers,Shri Raj Nath Singh,Minister of Defence,Q3506475-a8e9b70b-48a0-30c3-70b2-75bf8335bafe
Q3506475,Rajnath Singh,Q3440901,Minister of Home Affairs,2014-05-26,2019-05-30,,,,Q3504490,Sushilkumar Shinde,Q4746875,Amit Shah,,,https://theprint.in/opinion/newsmaker-of-the-week/modis-one-move-showed-rajnath-singhs-44-years-of-politics-can-become-ineffective-in-a-day/247444/,,,Q3506475-46C5A97D-8010-4482-90E7-62064DE5B9CB
Q3506475,Rajnath Singh,Q3440901,Minister of Home Affairs,2014-05-26,2019-05-30,,,,Q3504490,Sushilkumar Shinde,Q4746875,Amit Shah,,,https://economictimes.indiatimes.com/topic/Home-Minister-Rajnath-Singh,,,Q3506475-46C5A97D-8010-4482-90E7-62064DE5B9CB
Q3506475,Rajnath Singh,Q6866308,Minister of Road Transport and Highways,1999-11-22,2000-10-27,,,,,,Q3630187,B. C. Khanduri,,,,,,Q3506475-4D674932-10C5-4407-B2AF-D144B03730B3
Q3530303,Ram Jethmalani,Q18128071,Minister of Law and Justice of India,1996-05-16,1996-06-01,,,,,,,,,,,,,Q3530303-369585D5-98E3-4DA1-91B3-B3C69ED6F8E1
Q3530303,Ram Jethmalani,Q16868002,Minister of Urban Development,1998-03-19,1999-06-14,,,,,,,,,,,,,Q3530303-CC477772-FA1E-4F8E-8D64-1112C46CE011
Q6036905,Ram Vilas Paswan,Q6866049,Minister of Chemicals and Fertilizers,2004-05-23,2009-05-22,,,,Q7321222,Sunder Lal Patwa,Q540605,M. K. Alagiri,,,,,,Q6036905-741DAA26-8AED-45D8-8529-DA009D43CADE
Q6036905,Ram Vilas Paswan,Q6866064,Minister of Communications and Information Technology,1999-10-13,2001-09-01,,,,Q233289,Atal Bihari Vajpayee,Q7238271,Pramod Mahajan,,,,,,Q6036905-51620EC1-3AC6-4D23-8C93-CFE19F9E98D7
Q6036905,Ram Vilas Paswan,Q6866250,Minister of Mines,2001-09-01,2002-04-29,,,,Q7321222,Sunder Lal Patwa,Q3109128,Uma Bharti,,,,,,Q6036905-AA4146C1-DABC-41AC-8071-4E4CDFF95804
Q6036905,Ram Vilas Paswan,Q6866301,Minister of Railways,1996-06-01,1998-03-19,,,,Q6121940,Jaffer Sharief,Q122304,Nitish Kumar,,,,,,Q6036905-60E9C9B4-7B0D-49E5-AAA2-F997AEB6AF4B
Q3630922,Ravi Shankar Prasad,Q18128071,Minister of Law and Justice of India,2014-05-26,2014-11-09,,,,Q1206954,Kapil Sibal,,,,,,,,Q3630922-a27bc9a3-4c91-d748-c257-fffd600cffec
Q58292,S. M. Krishna,Q313465,Minister of External Affairs,2009-05-23,2012-10-26,,,,Q57446,Pranab Mukherjee,Q313515,Salman Khurshid,,,,,,Q58292-fdcb45be-47c6-68ee-9e67-78323a753676
Q7396754,Sachindra Chaudhuri,Q1416501,Minister of Finance,1965-01-01,1967-03-13,,,,,,,,,,,,,Q7396754-ed75f8b8-43aa-bb72-b828-1195bbbda8f0
Q313515,Salman Khurshid,Q313465,Minister of External Affairs,2012-10-28,2014-05-26,,,,Q58292,S. M. Krishna,Q1652493,Sushma Swaraj,,,,,,Q313515-3BBAEFFF-3A95-485D-8013-C68C2FAAA43F
Q7420653,Santosh Gangwar,Q6866396,Minister of Textiles,2014-05-26,2016-07-07,,,,Q13512569,Kavuru Samba Siva Rao,Q7546539,Smriti Irani,,,,,,Q7420653-EE83FF83-CFC6-4317-8AF6-2DC39FB9CB00
Q7423486,Sarbananda Sonowal,Q108560662,Minister of AYUSH,2021-07-07,,,,,Q7504173,Shripad Yasso Naik,,,,,https://www.india.gov.in/my-government/whos-who/council-ministers,Shri Sarbananda Sonowal,"Minister of Ayurveda, Yoga and Naturopathy, Unani, Siddha and Homoeopathy (AYUSH)",Q7423486-C5AD62E8-58E8-4919-9A46-05E5E056F60A
Q7423486,Sarbananda Sonowal,Q108560657,"Minister of Ports, Shipping and Waterways",2021-07-07,,,,,Q21170728,Mansukh L. Mandaviya,,,,,https://www.india.gov.in/my-government/whos-who/council-ministers,Shri Sarbananda Sonowal,"Minister of Ports, Shipping and Waterways",Q7423486-2E3AA668-C2CC-43E8-A55B-6C93AEF93702
Q7423486,Sarbananda Sonowal,Q6866423,Minister of Youth Affairs and Sports,2014-05-26,2016-05-23,,,,Q6203273,Jitendra Singh,Q6203277,Jitendra Singh,,,,,,Q7423486-237BD35D-1C3B-470B-94ED-F78F1F8D294D
Q5607249,Shankarrao Chavan,Q1416501,Minister of Finance,1988-06-25,1989-12-02,,,,Q3520007,N. D. Tiwari,Q339715,Madhu Dandavate,,,,,,Q5607249-635BDA6C-359F-4BBA-B3BF-9A5ED4180429
Q5607249,Shankarrao Chavan,Q3440901,Minister of Home Affairs,1984-12-31,1986-03-12,,,,,,,,,,,,,Q5607249-dfc5bacf-47b1-e4bd-3798-5515821bee97
Q5607249,Shankarrao Chavan,Q3440901,Minister of Home Affairs,1991-06-21,1996-05-16,,,,Q334279,Chandra Shekhar,Q2604936,Murli Manohar Joshi,,,,,,Q5607249-32F76EFE-B583-4914-B8E3-95FBE60D5095
Q3520878,Shanti Bhushan,Q18128071,Minister of Law and Justice of India,1977-01-01,1979-01-01,,,,,,,,,,,,,Q3520878-0961b2fa-48ff-2a3b-fc96-b08fbb12c53a
Q982813,Sharad Pawar,Q6866034,Minister of Agriculture,2004-05-23,2014-05-26,,,,Q3506475,Rajnath Singh,Q7280187,Radha Mohan Singh,,,,,,Q982813-CCC0FA3C-86B0-4FB9-83D9-C56A9A94F938
Q982813,Sharad Pawar,Q16878665,"Minister of Consumer Affairs, Food and Public Distribution",2004-01-01,2011-01-01,,,,Q7489368,Sharad Yadav,Q6324192,K. V. Thomas,,,,,,Q982813-AFF9AA72-8C67-4B6A-8C89-83D1AFDB0AE7
Q288528,Shyam Nandan Prasad Mishra,Q313465,Minister of External Affairs,1979-07-28,1980-01-13,,,,Q233289,Atal Bihari Vajpayee,Q275146,P. V. Narasimha Rao,,,,,,Q288528-dd7041ad-4173-6e03-3ee0-f5106a85363f
Q983457,Siddhartha Shankar Ray,Q4294642,Ministry of Education,,,,,,,,,,,,,,,Q983457-AFF8BF84-8AB8-4B64-B744-4CE208DE0016
Q3629904,Sikander Bakht,Q313465,Minister of External Affairs,1996-05-21,1996-06-01,,,,Q57446,Pranab Mukherjee,Q248484,I. K. Gujral,,,,,,Q3629904-71209A1A-DC7D-4972-8F10-CE8DF4E7233D
Q6024265,Sis Ram Ola,Q6866235,Minister of Labour and Employment,,,,,,,,,,,,,,,Q6024265-2354556D-D718-4E59-BE5C-3BBDF5F0E36E
Q7546539,Smriti Irani,Q12454125,Minister of Human Resource Development,2014-05-26,2016-07-05,,,,Q755834,M. M. Pallam Raju,Q7238178,Prakash Javadekar,,,,,,Q7546539-ad76fd98-459c-d96c-d933-4070ef5cdce6
Q7546539,Smriti Irani,Q6866209,Minister of Information and Broadcasting,2017-07-18,2018-05-14,,,,Q3764667,Muppavarapu Venkaiah Naidu,Q982805,Rajyavardhan Rathore,,,,,,Q7546539-8251303d-4d1f-4a3b-1934-0be8bcf32d59
Q7546539,Smriti Irani,Q6866396,Minister of Textiles,2016-07-07,2021-07-07,,,,Q7420653,Santosh Gangwar,,,,,,,,Q7546539-1a48e0ab-4c6d-3440-6a0e-e8538f2bef7e
Q7546539,Smriti Irani,Q108560642,Minister of Women and Child Development,2019-05-31,,Q64210877,Second Modi ministry,,,,,,,,https://www.india.gov.in/my-government/whos-who/council-ministers,Smt. Smriti Zubin Irani,Minister of Women and Child Development,Q7546539-EFE0D971-3C2B-4A97-BA54-2949C1F92971
Q16186720,Subrahmanyam Jaishankar,Q313465,Minister of External Affairs,2019-05-30,,,,,Q1652493,Sushma Swaraj,,,,,https://www.india.gov.in/my-government/whos-who/council-ministers,Dr. Subrahmanyam Jaishankar,Minister of External Affairs,Q16186720-97dbad93-4f50-c52a-675e-c466e4c1f946
Q3530322,Subramanian Swamy,Q6866058,Minister of Commerce and Industry,1990-11-10,1991-06-21,,,,,,,,,,,,,Q3530322-4A25F0F9-E591-47F9-9E95-9B69FCF7EABC
Q7645772,Suresh Prabhu,Q6866049,Minister of Chemicals and Fertilizers,1999-10-13,2000-09-29,,,,,,Q7321222,Sunder Lal Patwa,,,,,,Q7645772-2311F624-C9AE-47BB-BFAF-CC7E81EC2239
Q7645772,Suresh Prabhu,Q18390718,Minister of Civil Aviation,2018-03-12,2019-05-30,,,,Q16887749,Pusapati Ashok Gajapati Raju,Q5655835,Hardeep Singh Puri,,,,,,Q7645772-801D32C5-BE7B-461A-BDA0-797E562FF99D
Q7645772,Suresh Prabhu,Q6866058,Minister of Commerce and Industry,1996-05-16,1996-06-01,,,,Q3521777,K. Karunakaran,Q3523458,Murasoli Maran,,,,,,Q7645772-FA186289-5E1E-4B1F-A1A7-B304F8DEEECB
Q7645772,Suresh Prabhu,Q6866058,Minister of Commerce and Industry,2017-09-03,2019-05-30,,,,Q7040049,Nirmala Sitharaman,Q7199798,Piyush Goyal,,,,,,Q7645772-04CEA769-F34A-4945-A2F2-36BA73CA7A88
Q7645772,Suresh Prabhu,Q108559737,Minister of Environment and Forests,1998-03-19,1999-10-13,,,,Q7400033,Saifuddin Soz,Q3534034,T. R. Baalu,,,,,,Q7645772-D51A3A88-56CF-40E6-A90F-0E4FEB42CC6D
Q7645772,Suresh Prabhu,Q108559711,Minister of Power,2000-09-30,2002-08-25,,,,Q3530556,Rangarajan Kumaramangalam,Q4751428,Anant Geete,,,,,,Q7645772-D1892759-E93D-45E0-A111-FDBC135B57F6
Q7645772,Suresh Prabhu,Q6866301,Minister of Railways,2014-11-09,2017-09-03,,,,Q1151446,D. V. Sadananda Gowda,Q7199798,Piyush Goyal,,,,,,Q7645772-C60C8BC6-5A0B-4032-9215-6E194E9D455B
Q3504490,Sushilkumar Shinde,Q3440901,Minister of Home Affairs,2012-07-31,2014-05-26,,,,,,,,,,,,,Q3504490-EE1C8E5A-8E52-4468-B0E8-84065D2EF097
Q1652493,Sushma Swaraj,Q313465,Minister of External Affairs,2014-05-26,2019-05-30,,,,Q313515,Salman Khurshid,Q16186720,Subrahmanyam Jaishankar,,,,,,Q1652493-dfb5c43e-49f9-eb59-d8e4-d9b337e463e7
Q1034290,Swaran Singh,Q313465,Minister of External Affairs,1964-07-18,1966-11-14,,,,Q244689,Lal Bahadur Shastri,Q3634250,M. C. Chagla,,,,,,Q1034290-98cb1646-406a-52bd-c05c-fdbe6938ddfb
Q1034290,Swaran Singh,Q313465,Minister of External Affairs,1970-06-27,1974-10-10,,,,Q5278104,Dinesh Singh,Q1764541,Yashwantrao Chavan,,,,,,Q1034290-9058d833-40f4-f50e-1666-2d06bbb18e5e
Q3344992,Syama Prasad Mukherjee,Q6866058,Minister of Commerce and Industry,1947-08-15,1950-04-06,,,,,,Q7041597,Nityanand Kanungo,,,,,,Q3344992-4D491AC2-5289-40D6-BBE8-D9EC13B5026C
Q3534034,T. R. Baalu,Q6866308,Minister of Road Transport and Highways,,,,,,,,,,,,,,,Q3534034-dcdfe594-436e-8d40-5807-1cddd8781fc0
Q7711496,Thawar Chand Gehlot,Q6866326,Minister of Social Justice and Empowerment,2014-05-26,2021-07-07,,,,Q6744197,Mallikarjun Kharge,Q7933694,Virendra Kumar Khatik,,,,,,Q7711496-059E4701-1994-41AF-96DC-88D25E6506F0
Q3109128,Uma Bharti,Q16934521,Minister of Water Resources,2014-05-16,2017-09-03,,,,,,,,,,,,,Q3109128-D7E1A8A1-9820-47B7-BEBA-2EF5C828F0CB
Q7881031,Uma Shankar Dikshit,Q3440901,Minister of Home Affairs,1973-02-05,1974-10-10,,,,Q1149,Indira Gandhi,Q3764086,Kasu Brahmananda Reddy,,,,,,Q7881031-98da259a-4d83-a8fc-61a0-5cab1c27db43
Q9455,Vallabhbhai Patel,Q1708557,Deputy Prime Minister of India,1947-08-15,1950-12-15,,,,,,Q218661,Morarji Desai,,,,,,Q9455-6EAE47FF-D101-43B9-93F3-59D1DC98985F
Q9455,Vallabhbhai Patel,Q3440901,Minister of Home Affairs,1948-08-15,1950-12-15,,,,,,Q378404,C. Rajagopalachari,,,,,,Q9455-8BF446DC-CCA2-41DC-88D1-BA17246B9A8A
Q3595860,Vengalil Krishnan Krishna Menon,Q3533315,Minister of Defence of India,1957-04-17,1962-10-31,,,,Q6347919,Kailash Nath Katju,Q1764541,Yashwantrao Chavan,,,,,,Q3595860-14A4D33E-F265-472B-A164-6BC451627BF9
Q7928167,Vidya Charan Shukla,Q313465,Minister of External Affairs,1990-11-21,1991-02-20,,,,Q248484,I. K. Gujral,Q334279,Chandra Shekhar,,,,,,Q7928167-d2be6af9-40a9-5a29-16a4-777d7ba98923
Q7933694,Virendra Kumar Khatik,Q6866326,Minister of Social Justice and Empowerment,2021-07-07,,,,,Q7711496,Thawar Chand Gehlot,,,,,https://www.india.gov.in/my-government/whos-who/council-ministers,Dr. Virendra Kumar,Minister of Social Justice and Empowerment,Q7933694-DABF34CB-27B6-4D96-B9C5-0A9A519F951E
Q7935991,Vishnu Deo Sai,Q6866391,Minister of Steel,2014-05-27,2019-05-24,,,,,,Q5429402,Faggan Singh Kulaste,,,,,,Q7935991-64683FDC-0B88-4B85-A212-407DA792D9A0
Q315338,Vishwanath Pratap Singh,Q3533315,Minister of Defence of India,1989-12-02,1990-11-10,,,,Q3595472,K. C. Pant,Q334279,Chandra Shekhar,,,,,,Q315338-EBCC0905-4E2B-4E58-9598-EEB3DEA52FEA
Q315338,Vishwanath Pratap Singh,Q313465,Minister of External Affairs,1989-12-02,1989-12-05,,,,Q275146,P. V. Narasimha Rao,Q248484,I. K. Gujral,,,,,,Q315338-2da31e9c-4834-259c-3c9e-aaf757b7850f
Q315338,Vishwanath Pratap Singh,Q1416501,Minister of Finance,1984-12-31,1987-01-23,,,,Q57446,Pranab Mukherjee,Q4593,Rajiv Gandhi,,,,,,Q315338-4D8BA00F-2AE9-49B6-AA63-CEA2B0C58E5F
Q315338,Vishwanath Pratap Singh,Q192711,Prime minister of India,1989-12-02,1990-11-10,,,7,Q4593,Rajiv Gandhi,Q334279,Chandra Shekhar,,,,,,Q315338-4cc78853-441d-6177-20da-bc6500458386
Q2723759,Yashwant Sinha,Q313465,Minister of External Affairs,2002-07-01,2004-05-22,,,,Q3518489,Jaswant Singh,Q1285090,K. Natwar Singh,,,,,,Q2723759-BF708EA1-D413-4223-9871-6E9F4445AD65
Q2723759,Yashwant Sinha,Q1416501,Minister of Finance,1990-01-01,1991-01-01,,,,Q339715,Madhu Dandavate,Q41914,Manmohan Singh,,,,,,Q2723759-7e98e506-41eb-531b-61c6-8a1e101e68b7
Q2723759,Yashwant Sinha,Q1416501,Minister of Finance,1998-01-01,2002-01-01,,,,Q377358,P. Chidambaram,Q3518489,Jaswant Singh,,,,,,Q2723759-8640e13c-4778-917a-0819-c5e461672b9f
Q1764541,Yashwantrao Chavan,Q1708557,Deputy Prime Minister of India,1979-07-28,1980-01-14,,,,Q1471625,Jagjivan Ram,Q1764533,Chaudhary Devi Lal,,,,,,Q1764541-40e97534-4d0a-618f-2f4e-e5781c998b23
Q1764541,Yashwantrao Chavan,Q1708557,Deputy Prime Minister of India,1979-07-28,1980-01-14,,,,Q319824,Charan Singh,Q1764533,Chaudhary Devi Lal,,,,,,Q1764541-40e97534-4d0a-618f-2f4e-e5781c998b23
Q1764541,Yashwantrao Chavan,Q3533315,Minister of Defence of India,1962-11-14,1966-11-14,,,,,,,,,,,,,Q1764541-e962b30f-4c96-4976-ebc7-0962042b5cb1
Q1764541,Yashwantrao Chavan,Q313465,Minister of External Affairs,1974-10-10,1977-03-24,,,,Q1034290,Swaran Singh,Q233289,Atal Bihari Vajpayee,,,,,,Q1764541-c2c9eadf-44a6-0089-66c5-7745248e1cfe
Q1764541,Yashwantrao Chavan,Q1416501,Minister of Finance,1970-06-27,1974-10-10,,,,,,,,,,,,,Q1764541-177358d3-4458-c4d4-e420-462cb3cd7483
Q1764541,Yashwantrao Chavan,Q3440901,Minister of Home Affairs,1966-11-14,1970-06-27,,,,,,,,,,,,,Q1764541-5691ef30-409b-55ad-2452-8d67dcf2f592
Q1764541,Yashwantrao Chavan,Q3440901,Minister of Home Affairs,1979-07-28,1980-01-14,,,,,,,,,,,,,Q1764541-6dcd0619-4f04-21a6-d8ed-df02e3068ba2
Q334851,Zail Singh,Q3440901,Minister of Home Affairs,1980-01-14,1982-06-22,,,,Q1764541,Yashwantrao Chavan,Q297950,R. Venkataraman,,,,,,Q334851-ED150925-8DD8-4432-BF1E-8FE0852FBCC9
